{"BlockNumber":10853144,"Timestamp":1599993624,"TxIndex":14,"InTxs":[{"From":"0xbf4a8ae15e787b92e7c6d1de6f73c1e47fc6292c","To":"0x32e4c68b3a4a813b710595aeba7f6b7604ab9c15","IsContract":true,"Value":0,"CallType":"Call","Input":"qQWcuwAAAAAAAAAAAAAAAL9KiuFeeHuS58bR3m9zweR/xiksAAAAAAAAAAAAAAAAAAAAAAAAAAAAAAAAAAAAAAXcWJ0=","Events":null,"InTxs":[{"From":"0x32e4c68b3a4a813b710595aeba7f6b7604ab9c15","To":"0x1e9682d8c780790a5d5a9cb234634c8cc849e0b5","IsContract":true,"Value":null,"CallType":"DelegateCall","Input":"qQWcuwAAAAAAAAAAAAAAAL9KiuFeeHuS58bR3m9zweR/xiksAAAAAAAAAAAAAAAAAAAAAAAAAAAAAAAAAAAAAAXcWJ0=","Events":[{"Address":"0x32e4c68b3a4a813b710595aeba7f6b7604ab9c15","Topics":["0xddf252ad1be2c89b69c2b068fc378daa952ba7f163c4a11628f55a4df523b3ef","0x000000000000000000000000bf4a8ae15e787b92e7c6d1de6f73c1e47fc6292c","0x000000000000000000000000bf4a8ae15e787b92e7c6d1de6f73c1e47fc6292c"],"Data":"AAAAAAAAAAAAAAAAAAAAAAAAAAAAAAAAAAAAAAXcWJ0=","Index":0}],"InTxs":[{"From":"0x32e4c68b3a4a813b710595aeba7f6b7604ab9c15","To":"0xd8ee69652e4e4838f2531732a46d1f7f584f0b7f","IsContract":true,"Value":null,"CallType":"StaticCall","Input":"0ZefsAAAAAAAAAAAAAAAADLkxos6SoE7cQWVrrp/a3YEq5wVAAAAAAAAAAAAAAAAoLhpkcYhizbB0Z1KLp6wzjYG60g=","Events":null,"InTxs":[{"From":"0xd8ee69652e4e4838f2531732a46d1f7f584f0b7f","To":"0x103936aec861d7cfb2d5c7f9dd1a671085f5fdd3","IsContract":true,"Value":null,"CallType":"DelegateCall","Input":"0ZefsAAAAAAAAAAAAAAAADLkxos6SoE7cQWVrrp/a3YEq5wVAAAAAAAAAAAAAAAAoLhpkcYhizbB0Z1KLp6wzjYG60g=","Events":null,"InTxs":null}]},{"From":"0x32e4c68b3a4a813b710595aeba7f6b7604ab9c15","To":"0xd8ee69652e4e4838f2531732a46d1f7f584f0b7f","IsContract":true,"Value":null,"CallType":"StaticCall","Input":"Sh6I/gAAAAAAAAAAAAAAADLkxos6SoE7cQWVrrp/a3YEq5wVAAAAAAAAAAAAAAAAoLhpkcYhizbB0Z1KLp6wzjYG60g=","Events":null,"InTxs":[{"From":"0xd8ee69652e4e4838f2531732a46d1f7f584f0b7f","To":"0x4cb1292d6a860ca1b0991fc7dfa30a656ef7e7c7","IsContract":true,"Value":null,"CallType":"DelegateCall","Input":"Sh6I/gAAAAAAAAAAAAAAADLkxos6SoE7cQWVrrp/a3YEq5wVAAAAAAAAAAAAAAAAoLhpkcYhizbB0Z1KLp6wzjYG60g=","Events":null,"InTxs":null}]},{"From":"0x32e4c68b3a4a813b710595aeba7f6b7604ab9c15","To":"0xa0b86991c6218b36c1d19d4a2e9eb0ce3606eb48","IsContract":true,"Value":null,"CallType":"StaticCall","Input":"cKCCMQAAAAAAAAAAAAAAADLkxos6SoE7cQWVrrp/a3YEq5wV","Events":null,"InTxs":[{"From":"0xa0b86991c6218b36c1d19d4a2e9eb0ce3606eb48","To":"0xb7277a6e95992041568d9391d09d0122023778a2","IsContract":true,"Value":null,"CallType":"DelegateCall","Input":"cKCCMQAAAAAAAAAAAAAAADLkxos6SoE7cQWVrrp/a3YEq5wV","Events":null,"InTxs":null}]}]}]}]}