{
    "BlockNumber": 13849007,
    "Timestamp": 1640096295,
    "TxIndex": 235,
    "InTxs": [
        {
            "From": "0x8efab89b497b887cdaa2fb08ff71e4b3827774b2",
            "To": "0x10c509aa9ab291c76c45414e7cdbd375e1d5ace8",
            "IsContract": true,
            "Value": 0,
            "CallType": "Call",
            "Input": "SgsMOA==",
            "Events": null,
            "InTxs": [
                {
                    "From": "0x10c509aa9ab291c76c45414e7cdbd375e1d5ace8",
                    "To": "0xc9f27a50f82571c1c8423a42970613b8dbda14ef",
                    "IsContract": true,
                    "Value": 0,
                    "CallType": "Call",
                    "Input": "Li0phAAAAAAAAAAAAAAAAAAAAAAAAAAAAFK30tzIDNLkAAAAAAAAAAAAAAAAAAAAEMUJqpqykcdsRUFOfNvTdeHVrOgAAAAAAAAAAAAAAACO+ribSXuIfNqi+wj/ceSzgnd0sg==",
                    "Events": null,
                    "InTxs": [
                        {
                            "From": "0xc9f27a50f82571c1c8423a42970613b8dbda14ef",
                            "To": "0x3a84ad5d16adbe566baa6b3dafe39db3d5e261e5",
                            "IsContract": true,
                            "Value": null,
                            "CallType": "StaticCall",
                            "Input": "GBYN3Q==",
                            "Events": null,
                            "InTxs": null
                        },
                        {
                            "From": "0xc9f27a50f82571c1c8423a42970613b8dbda14ef",
                            "To": "0xf938424f7210f31df2aee3011291b658f872e91e",
                            "IsContract": true,
                            "Value": 0,
                            "CallType": "StaticCall",
                            "Input": "cKCCMQAAAAAAAAAAAAAAAMnyelD4JXHByEI6QpcGE7jb2hTv",
                            "Events": null,
                            "InTxs": null
                        },
                        {
                            "From": "0xc9f27a50f82571c1c8423a42970613b8dbda14ef",
                            "To": "0x3a84ad5d16adbe566baa6b3dafe39db3d5e261e5",
                            "IsContract": true,
                            "Value": null,
                            "CallType": "StaticCall",
                            "Input": "GBYN3Q==",
                            "Events": null,
                            "InTxs": null
                        },
                        {
                            "From": "0xc9f27a50f82571c1c8423a42970613b8dbda14ef",
                            "To": "0x10c509aa9ab291c76c45414e7cdbd375e1d5ace8",
                            "IsContract": true,
                            "Value": 0,
                            "CallType": "Call",
                            "Input": "jaXLWw==",
                            "Events": null,
                            "InTxs": null
                        },
                        {
                            "From": "0xc9f27a50f82571c1c8423a42970613b8dbda14ef",
                            "To": "0x10c509aa9ab291c76c45414e7cdbd375e1d5ace8",
                            "IsContract": true,
                            "Value": 0,
                            "CallType": "Call",
                            "Input": "Loj7lwAAAAAAAAAAAAAAAPk4Qk9yEPMd8q7jARKRtlj4cukeAAAAAAAAAAAAAAAAyfJ6UPglccHIQjpClwYTuNvaFO8AAAAAAAAAAAAAAAAAAAAAAAAAAABSt9LcyAzS5AAAAA==",
                            "Events": null,
                            "InTxs": [
                                {
                                    "From": "0x10c509aa9ab291c76c45414e7cdbd375e1d5ace8",
                                    "To": "0xc9f27a50f82571c1c8423a42970613b8dbda14ef",
                                    "IsContract": true,
                                    "Value": 0,
                                    "CallType": "Call",
                                    "Input": "Li0phAAAAAAAAAAAAAAAAAAAAAAAAAAAAFK30tzIDNLkAAAAAAAAAAAAAAAAAAAAEMUJqpqykcdsRUFOfNvTdeHVrOgAAAAAAAAAAAAAAACO+ribSXuIfNqi+wj/ceSzgnd0sg==",
                                    "Events": null,
                                    "InTxs": [
                                        {
                                            "From": "0xc9f27a50f82571c1c8423a42970613b8dbda14ef",
                                            "To": "0x3a84ad5d16adbe566baa6b3dafe39db3d5e261e5",
                                            "IsContract": true,
                                            "Value": null,
                                            "CallType": "StaticCall",
                                            "Input": "GBYN3Q==",
                                            "Events": null,
                                            "InTxs": null
                                        },
                                        {
                                            "From": "0xc9f27a50f82571c1c8423a42970613b8dbda14ef",
                                            "To": "0xf938424f7210f31df2aee3011291b658f872e91e",
                                            "IsContract": true,
                                            "Value": null,
                                            "CallType": "StaticCall",
                                            "Input": "cKCCMQAAAAAAAAAAAAAAAMnyelD4JXHByEI6QpcGE7jb2hTv",
                                            "Events": null,
                                            "InTxs": null
                                        },
                                        {
                                            "From": "0xc9f27a50f82571c1c8423a42970613b8dbda14ef",
                                            "To": "0x3a84ad5d16adbe566baa6b3dafe39db3d5e261e5",
                                            "IsContract": true,
                                            "Value": null,
                                            "CallType": "StaticCall",
                                            "Input": "GBYN3Q==",
                                            "Events": null,
                                            "InTxs": null
                                        },
                                        {
                                            "From": "0xc9f27a50f82571c1c8423a42970613b8dbda14ef",
                                            "To": "0x10c509aa9ab291c76c45414e7cdbd375e1d5ace8",
                                            "IsContract": true,
                                            "Value": 0,
                                            "CallType": "Call",
                                            "Input": "jaXLWw==",
                                            "Events": null,
                                            "InTxs": null
                                        },
                                        {
                                            "From": "0xc9f27a50f82571c1c8423a42970613b8dbda14ef",
                                            "To": "0x10c509aa9ab291c76c45414e7cdbd375e1d5ace8",
                                            "IsContract": true,
                                            "Value": 0,
                                            "CallType": "Call",
                                            "Input": "Loj7lwAAAAAAAAAAAAAAAPk4Qk9yEPMd8q7jARKRtlj4cukeAAAAAAAAAAAAAAAAyfJ6UPglccHIQjpClwYTuNvaFO8AAAAAAAAAAAAAAAAAAAAAAAAAAABSt9LcyAzS5AAAAA==",
                                            "Events": null,
                                            "InTxs": null
                                        },
                                        {
                                            "From": "0xc9f27a50f82571c1c8423a42970613b8dbda14ef",
                                            "To": "0x3a84ad5d16adbe566baa6b3dafe39db3d5e261e5",
                                            "IsContract": true,
                                            "Value": 0,
                                            "CallType": "Call",
                                            "Input": "QMEPGQAAAAAAAAAAAAAAAI76uJtJe4h82qL7CP9x5LOCd3SyAAAAAAAAAAAAAAAAAAAAAAAAAAAAUMDkhnrPanxjbmk=",
                                            "Events": [
                                                {
                                                    "Address": "0x3a84ad5d16adbe566baa6b3dafe39db3d5e261e5",
                                                    "Topics": [
                                                        "0xddf252ad1be2c89b69c2b068fc378daa952ba7f163c4a11628f55a4df523b3ef",
                                                        "0x0000000000000000000000000000000000000000000000000000000000000000",
                                                        "0x0000000000000000000000008efab89b497b887cdaa2fb08ff71e4b3827774b2"
                                                    ],
                                                    "Data": "AAAAAAAAAAAAAAAAAAAAAAAAAAAAUMDkhnrPanxjbmk=",
                                                    "Index": 0
                                                }
                                            ],
                                            "InTxs": null
                                        }
                                    ]
                                }
                            ]
                        },
                        {
                            "From": "0xc9f27a50f82571c1c8423a42970613b8dbda14ef",
                            "To": "0x3a84ad5d16adbe566baa6b3dafe39db3d5e261e5",
                            "IsContract": true,
                            "Value": 0,
                            "CallType": "Call",
                            "Input": "QMEPGQAAAAAAAAAAAAAAAI76uJtJe4h82qL7CP9x5LOCd3SyAAAAAAAAAAAAAAAAAAAAAAAAAAAAUMDkhnrPanxjbmk=",
                            "Events": [
                                {
                                    "Address": "0x3a84ad5d16adbe566baa6b3dafe39db3d5e261e5",
                                    "Topics": [
                                        "0xddf252ad1be2c89b69c2b068fc378daa952ba7f163c4a11628f55a4df523b3ef",
                                        "0x0000000000000000000000000000000000000000000000000000000000000000",
                                        "0x0000000000000000000000008efab89b497b887cdaa2fb08ff71e4b3827774b2"
                                    ],
                                    "Data": "AAAAAAAAAAAAAAAAAAAAAAAAAAAAUMDkhnrPanxjbmk=",
                                    "Index": 1
                                }
                            ],
                            "InTxs": null
                        }
                    ]
                }
            ]
        }
    ]
}